2,Andrew,2255228616,and@gmail.com,27,andrew,22697153176,A+,panadol,headache
4,Jordan,116826497,jordan@yahoo.com,75,jordan123,1927981889,B-,Patacitamol,fever
6,Sam,280189275,sam@gmail.com,72,sam123,7208172981,A+,Insulin,Diabetes
8,Roni,781624619,roni@gmail.com,56,roni123,3426515927,B+,null,null
10,Primse,762981797,primse@gmail.com,17,primse123,98175276354,O+,null,null
12,Happy,2351232983,happy@gmail.com,27,happy123,4892678165,A+,null,null
14,peter,7614278614,pater@gmail.com,22,pater123,34514321342,B-,null,null
16,Parker,561472531,parker@gmail.com,45,parker123,862428715,A-,Permanol D,Cough	
18,Steve,7618801606,steve@gmail.com,52,steve123,565456789,O-,null,null
